Accuracy,Precision,Recall,F1 Score,ROC AUC
0.8621957926577754,0.7482165337809484,0.5593725490196079,0.6401579750471232,0.8928860359392248
