accuracy,precision,recall,f1_score,train_score
0.8621957926577754,0.8546568373205717,0.8621957926577754,0.8546014885416361,0.8895572666025024
